<?xml version="1.0" encoding="UTF-8"?>
<!DOCTYPE Carta>
<Carta>
    <plato nombre = "Gofres belgas"                         precio="5.95" descripcion="dos de nuestros famosos gofres belgas con abundante sirope"              calorias="650" ></plato>
    <plato nombre = "Gofres belgas con fruta"               precio="7.95" descripcion="Ligeros gofres belgas cubiertos de fresas y nata montada"                calorias="900" ></plato>
    <plato nombre = "Gofres belgas con frutas del bosque"   precio="8.95" descripcion="Ligeros gofres belgas cubiertos con frutas del bosque y nata montada"    calorias="900" ></plato>
    <plato nombre = "Tostada francesa"                      precio="4.50" descripcion="Dos gruesas rebanadas de nuestro pan frances casero"                     calorias="600" ></plato>
    <plato nombre = "Desayuno de la casa"                   precio="6.95" descripcion="dos huevos, bacon o salchicha, tostada y patatas fritas"                 calorias="950" ></plato>

</Carta>